videoID,predicted_label,person_count
Video_1.mp4,0,0
Video_10.mp4,1,12
Video_100.mp4,1,9
Video_101.mp4,1,3
Video_102.mp4,1,3
Video_103.mp4,0,0
Video_104.mp4,0,0
Video_105.mp4,1,13
Video_106.mp4,1,3
Video_107.mp4,1,2
Video_108.mp4,1,4
Video_109.mp4,0,0
Video_11.mp4,1,4
Video_110.mp4,0,0
Video_111.mp4,1,5
Video_112.mp4,0,0
Video_113.mp4,1,6
Video_114.mp4,0,0
Video_115.mp4,0,0
Video_116.mp4,1,7
Video_117.mp4,1,3
Video_118.mp4,1,10
Video_119.mp4,1,16
Video_12.mp4,0,0
Video_120.mp4,1,4
Video_121.mp4,1,6
Video_122.mp4,0,0
Video_123.mp4,1,8
Video_124.mp4,1,4
Video_125.mp4,0,0
Video_126.mp4,1,3
Video_127.mp4,1,7
Video_128.mp4,1,3
Video_129.mp4,1,1
Video_13.mp4,0,0
Video_130.mp4,1,4
Video_131.mp4,1,5
Video_132.mp4,0,0
Video_133.mp4,0,0
Video_134.mp4,1,5
Video_135.mp4,1,3
Video_136.mp4,0,0
Video_137.mp4,1,3
Video_138.mp4,1,6
Video_139.mp4,0,0
Video_14.mp4,1,6
Video_140.mp4,1,3
Video_141.mp4,0,0
Video_142.mp4,0,0
Video_143.mp4,0,0
Video_144.mp4,0,0
Video_145.mp4,0,0
Video_146.mp4,1,7
Video_147.mp4,1,5
Video_148.mp4,1,6
Video_149.mp4,1,6
Video_15.mp4,1,9
Video_150.mp4,1,2
Video_151.mp4,0,0
Video_152.mp4,1,4
Video_153.mp4,1,5
Video_154.mp4,1,1
Video_155.mp4,1,6
Video_156.mp4,1,3
Video_157.mp4,1,9
Video_158.mp4,1,4
Video_159.mp4,1,4
Video_16.mp4,0,0
Video_160.mp4,0,0
Video_161.mp4,1,5
Video_162.mp4,1,4
Video_163.mp4,0,0
Video_164.mp4,0,0
Video_165.mp4,1,3
Video_166.mp4,0,0
Video_167.mp4,1,4
Video_168.mp4,1,8
Video_169.mp4,1,4
Video_17.mp4,0,0
Video_170.mp4,1,5
Video_171.mp4,0,0
Video_172.mp4,1,4
Video_173.mp4,1,5
Video_174.mp4,1,6
Video_175.mp4,0,0
Video_176.mp4,1,3
Video_177.mp4,1,5
Video_178.mp4,1,2
Video_179.mp4,1,5
Video_18.mp4,0,0
Video_180.mp4,1,3
Video_181.mp4,1,8
Video_182.mp4,0,0
Video_183.mp4,1,7
Video_184.mp4,1,14
Video_185.mp4,1,5
Video_186.mp4,1,4
Video_187.mp4,1,4
Video_188.mp4,1,1
Video_189.mp4,1,4
Video_19.mp4,1,3
Video_190.mp4,0,0
Video_191.mp4,0,0
Video_192.mp4,1,5
Video_193.mp4,1,5
Video_194.mp4,0,0
Video_195.mp4,1,9
Video_196.mp4,1,3
Video_197.mp4,1,3
Video_198.mp4,1,4
Video_199.mp4,0,0
Video_2.mp4,1,3
Video_20.mp4,1,10
Video_200.mp4,0,0
Video_201.mp4,0,0
Video_202.mp4,1,5
Video_203.mp4,0,0
Video_204.mp4,0,0
Video_205.mp4,0,0
Video_206.mp4,1,3
Video_207.mp4,0,0
Video_208.mp4,1,2
Video_209.mp4,0,0
Video_21.mp4,1,4
Video_210.mp4,1,4
Video_211.mp4,0,0
Video_212.mp4,0,0
Video_213.mp4,1,4
Video_214.mp4,1,3
Video_215.mp4,1,7
Video_216.mp4,1,5
Video_217.mp4,1,9
Video_218.mp4,1,4
Video_219.mp4,1,4
Video_22.mp4,0,0
Video_220.mp4,0,0
Video_221.mp4,0,0
Video_222.mp4,1,9
Video_223.mp4,0,0
Video_224.mp4,1,5
Video_225.mp4,1,3
Video_226.mp4,1,2
Video_227.mp4,1,11
Video_228.mp4,1,8
Video_229.mp4,0,0
Video_23.mp4,1,4
Video_230.mp4,1,3
Video_231.mp4,0,0
Video_232.mp4,1,8
Video_233.mp4,0,0
Video_234.mp4,1,5
Video_235.mp4,0,0
Video_236.mp4,0,0
Video_237.mp4,1,9
Video_238.mp4,1,7
Video_239.mp4,0,0
Video_24.mp4,1,9
Video_240.mp4,0,0
Video_241.mp4,1,16
Video_242.mp4,1,3
Video_243.mp4,1,22
Video_244.mp4,1,4
Video_245.mp4,1,4
Video_246.mp4,1,3
Video_247.mp4,0,0
Video_248.mp4,1,2
Video_249.mp4,1,5
Video_25.mp4,0,0
Video_250.mp4,0,0
Video_251.mp4,1,2
Video_252.mp4,1,3
Video_253.mp4,1,7
Video_254.mp4,1,3
Video_255.mp4,1,9
Video_256.mp4,1,10
Video_257.mp4,1,13
Video_258.mp4,0,0
Video_259.mp4,1,6
Video_26.mp4,1,6
Video_260.mp4,1,5
Video_261.mp4,1,3
Video_262.mp4,0,0
Video_263.mp4,1,14
Video_264.mp4,1,8
Video_265.mp4,1,6
Video_266.mp4,1,3
Video_267.mp4,0,0
Video_268.mp4,0,0
Video_269.mp4,1,6
Video_27.mp4,1,7
Video_270.mp4,0,0
Video_271.mp4,1,4
Video_272.mp4,1,10
Video_273.mp4,1,13
Video_274.mp4,1,4
Video_275.mp4,1,8
Video_276.mp4,1,9
Video_277.mp4,0,0
Video_278.mp4,1,13
Video_279.mp4,0,0
Video_28.mp4,0,0
Video_280.mp4,1,3
Video_281.mp4,1,2
Video_282.mp4,1,4
Video_283.mp4,1,5
Video_284.mp4,0,0
Video_285.mp4,1,3
Video_286.mp4,0,0
Video_287.mp4,0,0
Video_288.mp4,1,12
Video_289.mp4,1,4
Video_29.mp4,0,0
Video_290.mp4,1,4
Video_291.mp4,0,0
Video_292.mp4,1,2
Video_293.mp4,0,0
Video_294.mp4,1,5
Video_295.mp4,1,3
Video_296.mp4,0,0
Video_297.mp4,1,3
Video_298.mp4,1,2
Video_299.mp4,0,0
Video_3.mp4,1,5
Video_30.mp4,0,0
Video_300.mp4,1,3
Video_301.mp4,1,6
Video_302.mp4,1,9
Video_303.mp4,1,5
Video_304.mp4,1,6
Video_305.mp4,1,3
Video_306.mp4,1,5
Video_307.mp4,1,9
Video_308.mp4,1,4
Video_309.mp4,1,3
Video_31.mp4,1,11
Video_310.mp4,0,0
Video_311.mp4,0,0
Video_312.mp4,0,0
Video_313.mp4,1,6
Video_314.mp4,1,5
Video_315.mp4,1,7
Video_316.mp4,1,10
Video_317.mp4,1,3
Video_318.mp4,0,0
Video_319.mp4,0,0
Video_32.mp4,1,3
Video_320.mp4,0,0
Video_321.mp4,0,0
Video_322.mp4,0,0
Video_323.mp4,0,0
Video_324.mp4,1,7
Video_325.mp4,1,4
Video_326.mp4,0,0
Video_327.mp4,1,6
Video_328.mp4,0,0
Video_329.mp4,0,0
Video_33.mp4,1,5
Video_330.mp4,0,0
Video_331.mp4,0,0
Video_332.mp4,0,0
Video_333.mp4,0,0
Video_334.mp4,1,12
Video_335.mp4,1,9
Video_336.mp4,0,0
Video_337.mp4,0,0
Video_338.mp4,0,0
Video_339.mp4,1,2
Video_34.mp4,1,3
Video_340.mp4,1,3
Video_341.mp4,1,3
Video_342.mp4,1,3
Video_343.mp4,1,11
Video_344.mp4,1,4
Video_345.mp4,1,4
Video_346.mp4,0,0
Video_347.mp4,1,5
Video_348.mp4,1,12
Video_349.mp4,0,0
Video_35.mp4,1,4
Video_350.mp4,0,0
Video_351.mp4,1,1
Video_352.mp4,0,0
Video_353.mp4,1,16
Video_354.mp4,1,4
Video_355.mp4,1,4
Video_356.mp4,1,7
Video_357.mp4,1,5
Video_358.mp4,1,3
Video_359.mp4,0,0
Video_36.mp4,0,0
Video_360.mp4,1,4
Video_361.mp4,1,6
Video_362.mp4,1,2
Video_363.mp4,1,4
Video_364.mp4,1,4
Video_365.mp4,0,0
Video_366.mp4,0,0
Video_367.mp4,1,13
Video_368.mp4,0,0
Video_369.mp4,1,10
Video_37.mp4,1,4
Video_370.mp4,1,6
Video_371.mp4,1,3
Video_372.mp4,1,5
Video_373.mp4,1,8
Video_374.mp4,0,0
Video_375.mp4,1,5
Video_376.mp4,1,7
Video_377.mp4,0,0
Video_378.mp4,0,0
Video_379.mp4,1,8
Video_38.mp4,0,0
Video_380.mp4,1,4
Video_381.mp4,1,2
Video_382.mp4,1,8
Video_383.mp4,0,0
Video_384.mp4,1,8
Video_385.mp4,1,2
Video_386.mp4,0,0
Video_387.mp4,1,2
Video_388.mp4,0,0
Video_389.mp4,0,0
Video_39.mp4,1,3
Video_390.mp4,1,7
Video_391.mp4,1,4
Video_392.mp4,1,5
Video_393.mp4,1,4
Video_394.mp4,1,15
Video_395.mp4,1,1
Video_396.mp4,1,5
Video_397.mp4,0,0
Video_398.mp4,1,4
Video_399.mp4,1,8
Video_4.mp4,1,5
Video_40.mp4,1,11
Video_400.mp4,1,6
Video_41.mp4,1,10
Video_42.mp4,1,6
Video_43.mp4,0,0
Video_44.mp4,1,4
Video_45.mp4,0,0
Video_46.mp4,0,0
Video_47.mp4,1,13
Video_48.mp4,1,5
Video_49.mp4,0,0
Video_5.mp4,1,6
Video_50.mp4,1,10
Video_51.mp4,0,0
Video_52.mp4,1,8
Video_53.mp4,0,0
Video_54.mp4,1,4
Video_55.mp4,0,0
Video_56.mp4,0,0
Video_57.mp4,0,0
Video_58.mp4,1,8
Video_59.mp4,0,0
Video_6.mp4,1,7
Video_60.mp4,0,0
Video_61.mp4,0,0
Video_62.mp4,1,7
Video_63.mp4,0,0
Video_64.mp4,0,0
Video_65.mp4,1,2
Video_66.mp4,1,7
Video_67.mp4,0,0
Video_68.mp4,1,4
Video_69.mp4,1,3
Video_7.mp4,1,5
Video_70.mp4,1,7
Video_71.mp4,0,0
Video_72.mp4,1,2
Video_73.mp4,1,14
Video_74.mp4,0,0
Video_75.mp4,1,10
Video_76.mp4,1,7
Video_77.mp4,1,3
Video_78.mp4,1,11
Video_79.mp4,0,0
Video_8.mp4,0,0
Video_80.mp4,1,3
Video_81.mp4,1,6
Video_82.mp4,0,0
Video_83.mp4,1,3
Video_84.mp4,1,1
Video_85.mp4,1,4
Video_86.mp4,1,13
Video_87.mp4,1,4
Video_88.mp4,0,0
Video_89.mp4,0,0
Video_9.mp4,1,7
Video_90.mp4,1,3
Video_91.mp4,1,4
Video_92.mp4,0,0
Video_93.mp4,1,5
Video_94.mp4,1,5
Video_95.mp4,0,0
Video_96.mp4,0,0
Video_97.mp4,1,4
Video_98.mp4,0,0
Video_99.mp4,1,3
